label,conf,x1,y1,x2,y2,cx,cy,name_ocr,text_bbox
pump,0.9597215056419371,252.2840881347656,449.38385009765625,335.0221862792969,528.77783203125,293.65313720703125,489.0808410644531,pump,
valve,0.9508160352706908,207.3741607666016,119.1334457397461,266.3138122558594,154.98675537109375,236.84398651123047,137.06010055541992,V15028,"(208, 160, 72, 19)"
pressure_indicator,0.9407232403755188,119.3098373413086,43.01618576049805,172.63197326660156,94.43291473388672,145.97090530395508,68.72455024719238,S15006,"(115, 15, 71, 19)"
valve_oneway,0.9176416397094728,276.7479248046875,645.6188354492188,310.5116271972656,708.9265747070312,293.62977600097656,677.272705078125,V15002,"(314, 669, 72, 19)"
valve,0.8972209095954895,274.7645874023437,336.6668395996094,311.4310302734375,398.4826049804688,293.0978088378906,367.5747222900391,V15027,"(315, 357, 72, 19)"
valve,0.8939398527145386,21.62380790710449,119.98748779296876,80.0580062866211,155.36166381835938,50.84090709686279,137.67457580566406,V15029,"(7, 165, 72, 19)"
pressure_indicator,0.7758263349533081,196.5601806640625,563.47119140625,251.98863220214844,616.4970092773438,224.27440643310547,589.9841003417969,S15002,"(119, 578, 72, 18)"
compensator,0.728563129901886,275.53192138671875,403.7952880859375,310.7521667480469,441.9475708007813,293.1420440673828,422.8714294433594,A15011,"(201, 414, 65, 19)"
compensator,0.4760575294494629,274.8573913574219,531.1033325195312,311.4841613769531,568.0748291015625,293.1707763671875,549.5890808105469,A15010,"(321, 541, 71, 19)"
